title,distributor,distributor_normalized
The Plague,IFC Films,IFC Films
Soulm8te,Universal Pictures International,Universal Pictures
Primate,Paramount Pictures International,Paramount Pictures
I Was A Stranger,Angel,Angel
Mutiny,Lionsgate,Lionsgate
Greenland: Migration,Lionsgate,Lionsgate
28 Years Later: The Bone Temple,Sony Pictures Releasing,Sony Pictures Releasing
Charlie the Wonderdog,Viva Pictures,Viva Pictures
Night Patrol,IFC Films,IFC Films
A Private Life,Sony Pictures Classics,Sony Pictures Releasing
Mercy,Amazon MGM Studios,Amazon Studios
Return to Silent Hill,Iconic Events Releasing,Iconic Events Releasing
"Good Luck, Have Fun, Don't Die",Briarcliff Entertainment,Briarcliff Entertainment
Send Help,Walt Disney Studios Motion Pictures,Walt Disney Studios Motion Pictures
Dracula: A Love Tale,Vertical Entertainment,Vertical Entertainment
Mimics,ArtAffects Entertainment,ArtAffects Entertainment
Solo Mio,Angel,Angel
Broken Bird,Independent,Independent
Wuthering Heights,Warner Bros.,Warner Bros.
GOAT,Sony Pictures Releasing,Sony Pictures Releasing
I Can Only Imagine 2,Lionsgate,Lionsgate
Psycho Killer,20th Century Studios,20th Century Studios
Three Bags Full: A Sheep Detective Movie,Amazon MGM Studios,Amazon Studios
Scream 7,Paramount Pictures International,Paramount Pictures
Hoppers,Walt Disney Studios Motion Pictures,Walt Disney Studios Motion Pictures
The Bride,IMAX,IMAX
Reminders of Him,Universal Pictures International,Universal Pictures
The Breadwinner,Sony Pictures Releasing,Sony Pictures Releasing
Project Hail Mary,Amazon MGM Studios,Amazon Studios
The Pout-Pout Fish,Viva Pictures,Viva Pictures
Untitled Trey Parker / Matt Stone / Kendrick Lamar / Dave Free,Paramount Pictures International,Paramount Pictures
The Dog Stars,Walt Disney Studios Motion Pictures,Walt Disney Studios Motion Pictures
Animal Friends,Sony Pictures Releasing,Sony Pictures Releasing
The Devil Wears Prada 2,Walt Disney Studios Motion Pictures,Walt Disney Studios Motion Pictures
Is God Is,Amazon MGM Studios,Amazon Studios
Mortal Kombat II,Warner Bros.,Warner Bros.
The Mandalorian and Grogu,Walt Disney Studios Motion Pictures,Walt Disney Studios Motion Pictures
Untitled Taika Waititi Star Wars Film,Walt Disney Studios Motion Pictures,Walt Disney Studios Motion Pictures
Untitled Steven Spielberg Amblin Universal Event Film,Universal Pictures International,Universal Pictures
Scary Movie 6,Paramount Pictures International,Paramount Pictures
Toy Story 5,Walt Disney Studios Motion Pictures,Walt Disney Studios Motion Pictures
Supergirl,Warner Bros.,Warner Bros.
Minions 3,Universal Pictures,Universal Pictures
Shiver,Sony Pictures Releasing,Sony Pictures Releasing
Moana,Walt Disney Studios Motion Pictures,Walt Disney Studios Motion Pictures
Untitled Disney,Walt Disney Studios Motion Pictures,Walt Disney Studios Motion Pictures
Cut Off,Warner Bros.,Warner Bros.
The Odyssey,Universal Pictures,Universal Pictures
Evil Dead Burn,Warner Bros.,Warner Bros.
Spider-Man: Brand New Day,Sony Pictures Releasing,Sony Pictures Releasing
The Cat in the Hat,Warner Bros.,Warner Bros.
The Hunger Games: Sunrise on the Reaping,Lionsgate,Lionsgate
Focker In-Law,Paramount Pictures International,Paramount Pictures
Violent Night 2,Universal Pictures,Universal Pictures
Avengers: Doomsday,Walt Disney Studios Motion Pictures,Walt Disney Studios Motion Pictures
Jumanji 3,Sony Pictures Releasing,Sony Pictures Releasing
The Angry Birds Movie 3,Paramount Pictures International,Paramount Pictures
